--
-- PostgreSQL database dump
--

-- Dumped from database version 13.11
-- Dumped by pg_dump version 14.12 (Ubuntu 14.12-0ubuntu0.22.04.1)

-- Started on 2024-06-05 22:52:58 -04

SET statement_timeout = 0;
SET lock_timeout = 0;
SET idle_in_transaction_session_timeout = 0;
SET client_encoding = 'UTF8';
SET standard_conforming_strings = on;
SELECT pg_catalog.set_config('search_path', '', false);
SET check_function_bodies = false;
SET xmloption = content;
SET client_min_messages = warning;
SET row_security = off;

SET default_tablespace = '';

SET default_table_access_method = heap;

--
-- TOC entry 211 (class 1259 OID 16455)
-- Name: Comuna; Type: TABLE; Schema: public; Owner: postgres
--

CREATE TABLE public."Comuna" (
    id bigint NOT NULL,
    nombre character varying(50) NOT NULL,
    latitud numeric(9,4) NOT NULL,
    longitud numeric(9,4) NOT NULL,
    region_id bigint NOT NULL
);


ALTER TABLE public."Comuna" OWNER TO postgres;

--
-- TOC entry 210 (class 1259 OID 16453)
-- Name: Comuna_id_seq; Type: SEQUENCE; Schema: public; Owner: postgres
--

ALTER TABLE public."Comuna" ALTER COLUMN id ADD GENERATED BY DEFAULT AS IDENTITY (
    SEQUENCE NAME public."Comuna_id_seq"
    START WITH 1
    INCREMENT BY 1
    NO MINVALUE
    NO MAXVALUE
    CACHE 1
);


--
-- TOC entry 234 (class 1259 OID 16666)
-- Name: DetalleReserva; Type: TABLE; Schema: public; Owner: postgres
--

CREATE TABLE public."DetalleReserva" (
    id bigint NOT NULL,
    cantidad integer NOT NULL,
    precio_unitario numeric(10,2) NOT NULL,
    total numeric(10,2) NOT NULL,
    producto_id bigint NOT NULL,
    reserva_id bigint NOT NULL,
    CONSTRAINT "DetalleReserva_cantidad_check" CHECK ((cantidad >= 0))
);


ALTER TABLE public."DetalleReserva" OWNER TO postgres;

--
-- TOC entry 233 (class 1259 OID 16664)
-- Name: DetalleReserva_id_seq; Type: SEQUENCE; Schema: public; Owner: postgres
--

ALTER TABLE public."DetalleReserva" ALTER COLUMN id ADD GENERATED BY DEFAULT AS IDENTITY (
    SEQUENCE NAME public."DetalleReserva_id_seq"
    START WITH 1
    INCREMENT BY 1
    NO MINVALUE
    NO MAXVALUE
    CACHE 1
);


--
-- TOC entry 221 (class 1259 OID 16495)
-- Name: Familiar; Type: TABLE; Schema: public; Owner: postgres
--

CREATE TABLE public."Familiar" (
    id bigint NOT NULL,
    nombre character varying(50) NOT NULL,
    apellido_paterno character varying(100) NOT NULL,
    apellido_materno character varying(100) NOT NULL,
    telefono character varying(10),
    familia_id bigint NOT NULL
);


ALTER TABLE public."Familiar" OWNER TO postgres;

--
-- TOC entry 220 (class 1259 OID 16493)
-- Name: Familiar_id_seq; Type: SEQUENCE; Schema: public; Owner: postgres
--

ALTER TABLE public."Familiar" ALTER COLUMN id ADD GENERATED BY DEFAULT AS IDENTITY (
    SEQUENCE NAME public."Familiar_id_seq"
    START WITH 1
    INCREMENT BY 1
    NO MINVALUE
    NO MAXVALUE
    CACHE 1
);


--
-- TOC entry 223 (class 1259 OID 16502)
-- Name: Local; Type: TABLE; Schema: public; Owner: postgres
--

CREATE TABLE public."Local" (
    id bigint NOT NULL,
    nombre character varying(50) NOT NULL,
    direccion character varying(90) NOT NULL,
    comuna_id bigint NOT NULL,
    representante_id bigint NOT NULL
);


ALTER TABLE public."Local" OWNER TO postgres;

--
-- TOC entry 222 (class 1259 OID 16500)
-- Name: Local_id_seq; Type: SEQUENCE; Schema: public; Owner: postgres
--

ALTER TABLE public."Local" ALTER COLUMN id ADD GENERATED BY DEFAULT AS IDENTITY (
    SEQUENCE NAME public."Local_id_seq"
    START WITH 1
    INCREMENT BY 1
    NO MINVALUE
    NO MAXVALUE
    CACHE 1
);


--
-- TOC entry 225 (class 1259 OID 16509)
-- Name: Producto; Type: TABLE; Schema: public; Owner: postgres
--

CREATE TABLE public."Producto" (
    id bigint NOT NULL,
    nombre character varying(50) NOT NULL,
    descripcion character varying(250),
    cantidad integer NOT NULL,
    precio numeric(10,2) NOT NULL,
    imagen character varying(100),
    local_id bigint NOT NULL
);


ALTER TABLE public."Producto" OWNER TO postgres;

--
-- TOC entry 224 (class 1259 OID 16507)
-- Name: Producto_id_seq; Type: SEQUENCE; Schema: public; Owner: postgres
--

ALTER TABLE public."Producto" ALTER COLUMN id ADD GENERATED BY DEFAULT AS IDENTITY (
    SEQUENCE NAME public."Producto_id_seq"
    START WITH 1
    INCREMENT BY 1
    NO MINVALUE
    NO MAXVALUE
    CACHE 1
);


--
-- TOC entry 213 (class 1259 OID 16462)
-- Name: Region; Type: TABLE; Schema: public; Owner: postgres
--

CREATE TABLE public."Region" (
    id bigint NOT NULL,
    nombre character varying(50) NOT NULL,
    latitud numeric(9,4) NOT NULL,
    longitud numeric(9,4) NOT NULL
);


ALTER TABLE public."Region" OWNER TO postgres;

--
-- TOC entry 212 (class 1259 OID 16460)
-- Name: Region_id_seq; Type: SEQUENCE; Schema: public; Owner: postgres
--

ALTER TABLE public."Region" ALTER COLUMN id ADD GENERATED BY DEFAULT AS IDENTITY (
    SEQUENCE NAME public."Region_id_seq"
    START WITH 1
    INCREMENT BY 1
    NO MINVALUE
    NO MAXVALUE
    CACHE 1
);


--
-- TOC entry 215 (class 1259 OID 16469)
-- Name: Usuario; Type: TABLE; Schema: public; Owner: postgres
--

CREATE TABLE public."Usuario" (
    id bigint NOT NULL,
    password character varying(128) NOT NULL,
    last_login timestamp with time zone,
    is_superuser boolean NOT NULL,
    username character varying(150) NOT NULL,
    is_staff boolean NOT NULL,
    is_active boolean NOT NULL,
    date_joined timestamp with time zone NOT NULL,
    email character varying(254) NOT NULL,
    first_name character varying(100) NOT NULL,
    last_name character varying(100) NOT NULL,
    apellido_materno character varying(100) NOT NULL,
    direccion character varying(150) NOT NULL,
    rut character varying(15) NOT NULL,
    cliente boolean NOT NULL,
    comerciante boolean NOT NULL,
    comuna_id bigint
);


ALTER TABLE public."Usuario" OWNER TO postgres;

--
-- TOC entry 217 (class 1259 OID 16481)
-- Name: Usuario_groups; Type: TABLE; Schema: public; Owner: postgres
--

CREATE TABLE public."Usuario_groups" (
    id bigint NOT NULL,
    usuario_id bigint NOT NULL,
    group_id integer NOT NULL
);


ALTER TABLE public."Usuario_groups" OWNER TO postgres;

--
-- TOC entry 216 (class 1259 OID 16479)
-- Name: Usuario_groups_id_seq; Type: SEQUENCE; Schema: public; Owner: postgres
--

ALTER TABLE public."Usuario_groups" ALTER COLUMN id ADD GENERATED BY DEFAULT AS IDENTITY (
    SEQUENCE NAME public."Usuario_groups_id_seq"
    START WITH 1
    INCREMENT BY 1
    NO MINVALUE
    NO MAXVALUE
    CACHE 1
);


--
-- TOC entry 214 (class 1259 OID 16467)
-- Name: Usuario_id_seq; Type: SEQUENCE; Schema: public; Owner: postgres
--

ALTER TABLE public."Usuario" ALTER COLUMN id ADD GENERATED BY DEFAULT AS IDENTITY (
    SEQUENCE NAME public."Usuario_id_seq"
    START WITH 1
    INCREMENT BY 1
    NO MINVALUE
    NO MAXVALUE
    CACHE 1
);


--
-- TOC entry 219 (class 1259 OID 16488)
-- Name: Usuario_user_permissions; Type: TABLE; Schema: public; Owner: postgres
--

CREATE TABLE public."Usuario_user_permissions" (
    id bigint NOT NULL,
    usuario_id bigint NOT NULL,
    permission_id integer NOT NULL
);


ALTER TABLE public."Usuario_user_permissions" OWNER TO postgres;

--
-- TOC entry 218 (class 1259 OID 16486)
-- Name: Usuario_user_permissions_id_seq; Type: SEQUENCE; Schema: public; Owner: postgres
--

ALTER TABLE public."Usuario_user_permissions" ALTER COLUMN id ADD GENERATED BY DEFAULT AS IDENTITY (
    SEQUENCE NAME public."Usuario_user_permissions_id_seq"
    START WITH 1
    INCREMENT BY 1
    NO MINVALUE
    NO MAXVALUE
    CACHE 1
);


--
-- TOC entry 207 (class 1259 OID 16413)
-- Name: auth_group; Type: TABLE; Schema: public; Owner: postgres
--

CREATE TABLE public.auth_group (
    id integer NOT NULL,
    name character varying(150) NOT NULL
);


ALTER TABLE public.auth_group OWNER TO postgres;

--
-- TOC entry 206 (class 1259 OID 16411)
-- Name: auth_group_id_seq; Type: SEQUENCE; Schema: public; Owner: postgres
--

ALTER TABLE public.auth_group ALTER COLUMN id ADD GENERATED BY DEFAULT AS IDENTITY (
    SEQUENCE NAME public.auth_group_id_seq
    START WITH 1
    INCREMENT BY 1
    NO MINVALUE
    NO MAXVALUE
    CACHE 1
);


--
-- TOC entry 209 (class 1259 OID 16422)
-- Name: auth_group_permissions; Type: TABLE; Schema: public; Owner: postgres
--

CREATE TABLE public.auth_group_permissions (
    id bigint NOT NULL,
    group_id integer NOT NULL,
    permission_id integer NOT NULL
);


ALTER TABLE public.auth_group_permissions OWNER TO postgres;

--
-- TOC entry 208 (class 1259 OID 16420)
-- Name: auth_group_permissions_id_seq; Type: SEQUENCE; Schema: public; Owner: postgres
--

ALTER TABLE public.auth_group_permissions ALTER COLUMN id ADD GENERATED BY DEFAULT AS IDENTITY (
    SEQUENCE NAME public.auth_group_permissions_id_seq
    START WITH 1
    INCREMENT BY 1
    NO MINVALUE
    NO MAXVALUE
    CACHE 1
);


--
-- TOC entry 205 (class 1259 OID 16406)
-- Name: auth_permission; Type: TABLE; Schema: public; Owner: postgres
--

CREATE TABLE public.auth_permission (
    id integer NOT NULL,
    name character varying(255) NOT NULL,
    content_type_id integer NOT NULL,
    codename character varying(100) NOT NULL
);


ALTER TABLE public.auth_permission OWNER TO postgres;

--
-- TOC entry 204 (class 1259 OID 16404)
-- Name: auth_permission_id_seq; Type: SEQUENCE; Schema: public; Owner: postgres
--

ALTER TABLE public.auth_permission ALTER COLUMN id ADD GENERATED BY DEFAULT AS IDENTITY (
    SEQUENCE NAME public.auth_permission_id_seq
    START WITH 1
    INCREMENT BY 1
    NO MINVALUE
    NO MAXVALUE
    CACHE 1
);


--
-- TOC entry 228 (class 1259 OID 16604)
-- Name: authtoken_token; Type: TABLE; Schema: public; Owner: postgres
--

CREATE TABLE public.authtoken_token (
    key character varying(40) NOT NULL,
    created timestamp with time zone NOT NULL,
    user_id bigint NOT NULL
);


ALTER TABLE public.authtoken_token OWNER TO postgres;

--
-- TOC entry 227 (class 1259 OID 16583)
-- Name: django_admin_log; Type: TABLE; Schema: public; Owner: postgres
--

CREATE TABLE public.django_admin_log (
    id integer NOT NULL,
    action_time timestamp with time zone NOT NULL,
    object_id text,
    object_repr character varying(200) NOT NULL,
    action_flag smallint NOT NULL,
    change_message text NOT NULL,
    content_type_id integer,
    user_id bigint NOT NULL,
    CONSTRAINT django_admin_log_action_flag_check CHECK ((action_flag >= 0))
);


ALTER TABLE public.django_admin_log OWNER TO postgres;

--
-- TOC entry 226 (class 1259 OID 16581)
-- Name: django_admin_log_id_seq; Type: SEQUENCE; Schema: public; Owner: postgres
--

ALTER TABLE public.django_admin_log ALTER COLUMN id ADD GENERATED BY DEFAULT AS IDENTITY (
    SEQUENCE NAME public.django_admin_log_id_seq
    START WITH 1
    INCREMENT BY 1
    NO MINVALUE
    NO MAXVALUE
    CACHE 1
);


--
-- TOC entry 203 (class 1259 OID 16397)
-- Name: django_content_type; Type: TABLE; Schema: public; Owner: postgres
--

CREATE TABLE public.django_content_type (
    id integer NOT NULL,
    app_label character varying(100) NOT NULL,
    model character varying(100) NOT NULL
);


ALTER TABLE public.django_content_type OWNER TO postgres;

--
-- TOC entry 202 (class 1259 OID 16395)
-- Name: django_content_type_id_seq; Type: SEQUENCE; Schema: public; Owner: postgres
--

ALTER TABLE public.django_content_type ALTER COLUMN id ADD GENERATED BY DEFAULT AS IDENTITY (
    SEQUENCE NAME public.django_content_type_id_seq
    START WITH 1
    INCREMENT BY 1
    NO MINVALUE
    NO MAXVALUE
    CACHE 1
);


--
-- TOC entry 201 (class 1259 OID 16387)
-- Name: django_migrations; Type: TABLE; Schema: public; Owner: postgres
--

CREATE TABLE public.django_migrations (
    id bigint NOT NULL,
    app character varying(255) NOT NULL,
    name character varying(255) NOT NULL,
    applied timestamp with time zone NOT NULL
);


ALTER TABLE public.django_migrations OWNER TO postgres;

--
-- TOC entry 200 (class 1259 OID 16385)
-- Name: django_migrations_id_seq; Type: SEQUENCE; Schema: public; Owner: postgres
--

ALTER TABLE public.django_migrations ALTER COLUMN id ADD GENERATED BY DEFAULT AS IDENTITY (
    SEQUENCE NAME public.django_migrations_id_seq
    START WITH 1
    INCREMENT BY 1
    NO MINVALUE
    NO MAXVALUE
    CACHE 1
);


--
-- TOC entry 235 (class 1259 OID 16684)
-- Name: django_session; Type: TABLE; Schema: public; Owner: postgres
--

CREATE TABLE public.django_session (
    session_key character varying(40) NOT NULL,
    session_data text NOT NULL,
    expire_date timestamp with time zone NOT NULL
);


ALTER TABLE public.django_session OWNER TO postgres;

--
-- TOC entry 230 (class 1259 OID 16624)
-- Name: haypan_reserva; Type: TABLE; Schema: public; Owner: postgres
--

CREATE TABLE public.haypan_reserva (
    id bigint NOT NULL,
    "numeroOrden" integer NOT NULL,
    "fechaInicio" date NOT NULL,
    estado character varying(1) NOT NULL,
    cliente_id bigint NOT NULL,
    local_id bigint NOT NULL
);


ALTER TABLE public.haypan_reserva OWNER TO postgres;

--
-- TOC entry 229 (class 1259 OID 16622)
-- Name: haypan_reserva_id_seq; Type: SEQUENCE; Schema: public; Owner: postgres
--

ALTER TABLE public.haypan_reserva ALTER COLUMN id ADD GENERATED BY DEFAULT AS IDENTITY (
    SEQUENCE NAME public.haypan_reserva_id_seq
    START WITH 1
    INCREMENT BY 1
    NO MINVALUE
    NO MAXVALUE
    CACHE 1
);


--
-- TOC entry 232 (class 1259 OID 16633)
-- Name: haypan_reserva_productos; Type: TABLE; Schema: public; Owner: postgres
--

CREATE TABLE public.haypan_reserva_productos (
    id bigint NOT NULL,
    reserva_id bigint NOT NULL,
    producto_id bigint NOT NULL
);


ALTER TABLE public.haypan_reserva_productos OWNER TO postgres;

--
-- TOC entry 231 (class 1259 OID 16631)
-- Name: haypan_reserva_productos_id_seq; Type: SEQUENCE; Schema: public; Owner: postgres
--

ALTER TABLE public.haypan_reserva_productos ALTER COLUMN id ADD GENERATED BY DEFAULT AS IDENTITY (
    SEQUENCE NAME public.haypan_reserva_productos_id_seq
    START WITH 1
    INCREMENT BY 1
    NO MINVALUE
    NO MAXVALUE
    CACHE 1
);


--
-- TOC entry 3211 (class 0 OID 16455)
-- Dependencies: 211
-- Data for Name: Comuna; Type: TABLE DATA; Schema: public; Owner: postgres
--

COPY public."Comuna" (id, nombre, latitud, longitud, region_id) FROM stdin;
\.


--
-- TOC entry 3234 (class 0 OID 16666)
-- Dependencies: 234
-- Data for Name: DetalleReserva; Type: TABLE DATA; Schema: public; Owner: postgres
--

COPY public."DetalleReserva" (id, cantidad, precio_unitario, total, producto_id, reserva_id) FROM stdin;
\.


--
-- TOC entry 3221 (class 0 OID 16495)
-- Dependencies: 221
-- Data for Name: Familiar; Type: TABLE DATA; Schema: public; Owner: postgres
--

COPY public."Familiar" (id, nombre, apellido_paterno, apellido_materno, telefono, familia_id) FROM stdin;
\.


--
-- TOC entry 3223 (class 0 OID 16502)
-- Dependencies: 223
-- Data for Name: Local; Type: TABLE DATA; Schema: public; Owner: postgres
--

COPY public."Local" (id, nombre, direccion, comuna_id, representante_id) FROM stdin;
\.


--
-- TOC entry 3225 (class 0 OID 16509)
-- Dependencies: 225
-- Data for Name: Producto; Type: TABLE DATA; Schema: public; Owner: postgres
--

COPY public."Producto" (id, nombre, descripcion, cantidad, precio, imagen, local_id) FROM stdin;
\.


--
-- TOC entry 3213 (class 0 OID 16462)
-- Dependencies: 213
-- Data for Name: Region; Type: TABLE DATA; Schema: public; Owner: postgres
--

COPY public."Region" (id, nombre, latitud, longitud) FROM stdin;
\.


--
-- TOC entry 3215 (class 0 OID 16469)
-- Dependencies: 215
-- Data for Name: Usuario; Type: TABLE DATA; Schema: public; Owner: postgres
--

COPY public."Usuario" (id, password, last_login, is_superuser, username, is_staff, is_active, date_joined, email, first_name, last_name, apellido_materno, direccion, rut, cliente, comerciante, comuna_id) FROM stdin;
1	pbkdf2_sha256$600000$x3Bfs1X9Tn52MizqkRw53V$7eqpPqzG2NjuPlSctkyTXHZu6o/KjXDM6eowWbsve+E=	\N	t	admin	t	t	2024-06-06 02:40:48.959797+00	admin@admin.cl						f	f	\N
\.


--
-- TOC entry 3217 (class 0 OID 16481)
-- Dependencies: 217
-- Data for Name: Usuario_groups; Type: TABLE DATA; Schema: public; Owner: postgres
--

COPY public."Usuario_groups" (id, usuario_id, group_id) FROM stdin;
\.


--
-- TOC entry 3219 (class 0 OID 16488)
-- Dependencies: 219
-- Data for Name: Usuario_user_permissions; Type: TABLE DATA; Schema: public; Owner: postgres
--

COPY public."Usuario_user_permissions" (id, usuario_id, permission_id) FROM stdin;
\.


--
-- TOC entry 3207 (class 0 OID 16413)
-- Dependencies: 207
-- Data for Name: auth_group; Type: TABLE DATA; Schema: public; Owner: postgres
--

COPY public.auth_group (id, name) FROM stdin;
\.


--
-- TOC entry 3209 (class 0 OID 16422)
-- Dependencies: 209
-- Data for Name: auth_group_permissions; Type: TABLE DATA; Schema: public; Owner: postgres
--

COPY public.auth_group_permissions (id, group_id, permission_id) FROM stdin;
\.


--
-- TOC entry 3205 (class 0 OID 16406)
-- Dependencies: 205
-- Data for Name: auth_permission; Type: TABLE DATA; Schema: public; Owner: postgres
--

COPY public.auth_permission (id, name, content_type_id, codename) FROM stdin;
1	Can add log entry	1	add_logentry
2	Can change log entry	1	change_logentry
3	Can delete log entry	1	delete_logentry
4	Can view log entry	1	view_logentry
5	Can add permission	2	add_permission
6	Can change permission	2	change_permission
7	Can delete permission	2	delete_permission
8	Can view permission	2	view_permission
9	Can add group	3	add_group
10	Can change group	3	change_group
11	Can delete group	3	delete_group
12	Can view group	3	view_group
13	Can add content type	4	add_contenttype
14	Can change content type	4	change_contenttype
15	Can delete content type	4	delete_contenttype
16	Can view content type	4	view_contenttype
17	Can add session	5	add_session
18	Can change session	5	change_session
19	Can delete session	5	delete_session
20	Can view session	5	view_session
21	Can add Comuna	6	add_comuna
22	Can change Comuna	6	change_comuna
23	Can delete Comuna	6	delete_comuna
24	Can view Comuna	6	view_comuna
25	Can add Region	7	add_region
26	Can change Region	7	change_region
27	Can delete Region	7	delete_region
28	Can view Region	7	view_region
29	Can add usuario	8	add_usuario
30	Can change usuario	8	change_usuario
31	Can delete usuario	8	delete_usuario
32	Can view usuario	8	view_usuario
33	Can add Familiar	9	add_familiar
34	Can change Familiar	9	change_familiar
35	Can delete Familiar	9	delete_familiar
36	Can view Familiar	9	view_familiar
37	Can add Local	10	add_local
38	Can change Local	10	change_local
39	Can delete Local	10	delete_local
40	Can view Local	10	view_local
41	Can add Producto	11	add_producto
42	Can change Producto	11	change_producto
43	Can delete Producto	11	delete_producto
44	Can view Producto	11	view_producto
45	Can add reserva	12	add_reserva
46	Can change reserva	12	change_reserva
47	Can delete reserva	12	delete_reserva
48	Can view reserva	12	view_reserva
49	Can add Detalle de Reserva	13	add_detallereserva
50	Can change Detalle de Reserva	13	change_detallereserva
51	Can delete Detalle de Reserva	13	delete_detallereserva
52	Can view Detalle de Reserva	13	view_detallereserva
53	Can add Token	14	add_token
54	Can change Token	14	change_token
55	Can delete Token	14	delete_token
56	Can view Token	14	view_token
57	Can add Token	15	add_tokenproxy
58	Can change Token	15	change_tokenproxy
59	Can delete Token	15	delete_tokenproxy
60	Can view Token	15	view_tokenproxy
\.


--
-- TOC entry 3228 (class 0 OID 16604)
-- Dependencies: 228
-- Data for Name: authtoken_token; Type: TABLE DATA; Schema: public; Owner: postgres
--

COPY public.authtoken_token (key, created, user_id) FROM stdin;
\.


--
-- TOC entry 3227 (class 0 OID 16583)
-- Dependencies: 227
-- Data for Name: django_admin_log; Type: TABLE DATA; Schema: public; Owner: postgres
--

COPY public.django_admin_log (id, action_time, object_id, object_repr, action_flag, change_message, content_type_id, user_id) FROM stdin;
\.


--
-- TOC entry 3203 (class 0 OID 16397)
-- Dependencies: 203
-- Data for Name: django_content_type; Type: TABLE DATA; Schema: public; Owner: postgres
--

COPY public.django_content_type (id, app_label, model) FROM stdin;
1	admin	logentry
2	auth	permission
3	auth	group
4	contenttypes	contenttype
5	sessions	session
6	haypan	comuna
7	haypan	region
8	haypan	usuario
9	haypan	familiar
10	haypan	local
11	haypan	producto
12	haypan	reserva
13	haypan	detallereserva
14	authtoken	token
15	authtoken	tokenproxy
\.


--
-- TOC entry 3201 (class 0 OID 16387)
-- Dependencies: 201
-- Data for Name: django_migrations; Type: TABLE DATA; Schema: public; Owner: postgres
--

COPY public.django_migrations (id, app, name, applied) FROM stdin;
1	contenttypes	0001_initial	2024-06-06 02:40:20.197719+00
2	contenttypes	0002_remove_content_type_name	2024-06-06 02:40:20.204989+00
3	auth	0001_initial	2024-06-06 02:40:20.259787+00
4	auth	0002_alter_permission_name_max_length	2024-06-06 02:40:20.265754+00
5	auth	0003_alter_user_email_max_length	2024-06-06 02:40:20.273044+00
6	auth	0004_alter_user_username_opts	2024-06-06 02:40:20.279951+00
7	auth	0005_alter_user_last_login_null	2024-06-06 02:40:20.286908+00
8	auth	0006_require_contenttypes_0002	2024-06-06 02:40:20.291011+00
9	auth	0007_alter_validators_add_error_messages	2024-06-06 02:40:20.297955+00
10	auth	0008_alter_user_username_max_length	2024-06-06 02:40:20.30498+00
11	auth	0009_alter_user_last_name_max_length	2024-06-06 02:40:20.312148+00
12	auth	0010_alter_group_name_max_length	2024-06-06 02:40:20.321848+00
13	auth	0011_update_proxy_permissions	2024-06-06 02:40:20.328914+00
14	auth	0012_alter_user_first_name_max_length	2024-06-06 02:40:20.335666+00
15	haypan	0001_initial	2024-06-06 02:40:20.562817+00
16	admin	0001_initial	2024-06-06 02:40:20.629128+00
17	admin	0002_logentry_remove_auto_add	2024-06-06 02:40:20.6393+00
18	admin	0003_logentry_add_action_flag_choices	2024-06-06 02:40:20.650253+00
19	authtoken	0001_initial	2024-06-06 02:40:20.677009+00
20	authtoken	0002_auto_20160226_1747	2024-06-06 02:40:20.707619+00
21	authtoken	0003_tokenproxy	2024-06-06 02:40:20.712076+00
22	authtoken	0004_alter_tokenproxy_options	2024-06-06 02:40:20.718935+00
23	haypan	0002_alter_usuario_comuna	2024-06-06 02:40:20.732285+00
24	haypan	0003_alter_usuario_comuna	2024-06-06 02:40:20.757309+00
25	haypan	0004_remove_usuario_unique_username_for_user_type	2024-06-06 02:40:20.771431+00
26	haypan	0005_reserva	2024-06-06 02:40:20.819761+00
27	haypan	0006_detallereserva	2024-06-06 02:40:20.855353+00
28	sessions	0001_initial	2024-06-06 02:40:20.877436+00
\.


--
-- TOC entry 3235 (class 0 OID 16684)
-- Dependencies: 235
-- Data for Name: django_session; Type: TABLE DATA; Schema: public; Owner: postgres
--

COPY public.django_session (session_key, session_data, expire_date) FROM stdin;
\.


--
-- TOC entry 3230 (class 0 OID 16624)
-- Dependencies: 230
-- Data for Name: haypan_reserva; Type: TABLE DATA; Schema: public; Owner: postgres
--

COPY public.haypan_reserva (id, "numeroOrden", "fechaInicio", estado, cliente_id, local_id) FROM stdin;
\.


--
-- TOC entry 3232 (class 0 OID 16633)
-- Dependencies: 232
-- Data for Name: haypan_reserva_productos; Type: TABLE DATA; Schema: public; Owner: postgres
--

COPY public.haypan_reserva_productos (id, reserva_id, producto_id) FROM stdin;
\.


--
-- TOC entry 3241 (class 0 OID 0)
-- Dependencies: 210
-- Name: Comuna_id_seq; Type: SEQUENCE SET; Schema: public; Owner: postgres
--

SELECT pg_catalog.setval('public."Comuna_id_seq"', 1, false);


--
-- TOC entry 3242 (class 0 OID 0)
-- Dependencies: 233
-- Name: DetalleReserva_id_seq; Type: SEQUENCE SET; Schema: public; Owner: postgres
--

SELECT pg_catalog.setval('public."DetalleReserva_id_seq"', 1, false);


--
-- TOC entry 3243 (class 0 OID 0)
-- Dependencies: 220
-- Name: Familiar_id_seq; Type: SEQUENCE SET; Schema: public; Owner: postgres
--

SELECT pg_catalog.setval('public."Familiar_id_seq"', 1, false);


--
-- TOC entry 3244 (class 0 OID 0)
-- Dependencies: 222
-- Name: Local_id_seq; Type: SEQUENCE SET; Schema: public; Owner: postgres
--

SELECT pg_catalog.setval('public."Local_id_seq"', 1, false);


--
-- TOC entry 3245 (class 0 OID 0)
-- Dependencies: 224
-- Name: Producto_id_seq; Type: SEQUENCE SET; Schema: public; Owner: postgres
--

SELECT pg_catalog.setval('public."Producto_id_seq"', 1, false);


--
-- TOC entry 3246 (class 0 OID 0)
-- Dependencies: 212
-- Name: Region_id_seq; Type: SEQUENCE SET; Schema: public; Owner: postgres
--

SELECT pg_catalog.setval('public."Region_id_seq"', 1, false);


--
-- TOC entry 3247 (class 0 OID 0)
-- Dependencies: 216
-- Name: Usuario_groups_id_seq; Type: SEQUENCE SET; Schema: public; Owner: postgres
--

SELECT pg_catalog.setval('public."Usuario_groups_id_seq"', 1, false);


--
-- TOC entry 3248 (class 0 OID 0)
-- Dependencies: 214
-- Name: Usuario_id_seq; Type: SEQUENCE SET; Schema: public; Owner: postgres
--

SELECT pg_catalog.setval('public."Usuario_id_seq"', 1, true);


--
-- TOC entry 3249 (class 0 OID 0)
-- Dependencies: 218
-- Name: Usuario_user_permissions_id_seq; Type: SEQUENCE SET; Schema: public; Owner: postgres
--

SELECT pg_catalog.setval('public."Usuario_user_permissions_id_seq"', 1, false);


--
-- TOC entry 3250 (class 0 OID 0)
-- Dependencies: 206
-- Name: auth_group_id_seq; Type: SEQUENCE SET; Schema: public; Owner: postgres
--

SELECT pg_catalog.setval('public.auth_group_id_seq', 1, false);


--
-- TOC entry 3251 (class 0 OID 0)
-- Dependencies: 208
-- Name: auth_group_permissions_id_seq; Type: SEQUENCE SET; Schema: public; Owner: postgres
--

SELECT pg_catalog.setval('public.auth_group_permissions_id_seq', 1, false);


--
-- TOC entry 3252 (class 0 OID 0)
-- Dependencies: 204
-- Name: auth_permission_id_seq; Type: SEQUENCE SET; Schema: public; Owner: postgres
--

SELECT pg_catalog.setval('public.auth_permission_id_seq', 60, true);


--
-- TOC entry 3253 (class 0 OID 0)
-- Dependencies: 226
-- Name: django_admin_log_id_seq; Type: SEQUENCE SET; Schema: public; Owner: postgres
--

SELECT pg_catalog.setval('public.django_admin_log_id_seq', 1, false);


--
-- TOC entry 3254 (class 0 OID 0)
-- Dependencies: 202
-- Name: django_content_type_id_seq; Type: SEQUENCE SET; Schema: public; Owner: postgres
--

SELECT pg_catalog.setval('public.django_content_type_id_seq', 15, true);


--
-- TOC entry 3255 (class 0 OID 0)
-- Dependencies: 200
-- Name: django_migrations_id_seq; Type: SEQUENCE SET; Schema: public; Owner: postgres
--

SELECT pg_catalog.setval('public.django_migrations_id_seq', 28, true);


--
-- TOC entry 3256 (class 0 OID 0)
-- Dependencies: 229
-- Name: haypan_reserva_id_seq; Type: SEQUENCE SET; Schema: public; Owner: postgres
--

SELECT pg_catalog.setval('public.haypan_reserva_id_seq', 1, false);


--
-- TOC entry 3257 (class 0 OID 0)
-- Dependencies: 231
-- Name: haypan_reserva_productos_id_seq; Type: SEQUENCE SET; Schema: public; Owner: postgres
--

SELECT pg_catalog.setval('public.haypan_reserva_productos_id_seq', 1, false);


--
-- TOC entry 2987 (class 2606 OID 16459)
-- Name: Comuna Comuna_pkey; Type: CONSTRAINT; Schema: public; Owner: postgres
--

ALTER TABLE ONLY public."Comuna"
    ADD CONSTRAINT "Comuna_pkey" PRIMARY KEY (id);


--
-- TOC entry 3041 (class 2606 OID 16671)
-- Name: DetalleReserva DetalleReserva_pkey; Type: CONSTRAINT; Schema: public; Owner: postgres
--

ALTER TABLE ONLY public."DetalleReserva"
    ADD CONSTRAINT "DetalleReserva_pkey" PRIMARY KEY (id);


--
-- TOC entry 3011 (class 2606 OID 16499)
-- Name: Familiar Familiar_pkey; Type: CONSTRAINT; Schema: public; Owner: postgres
--

ALTER TABLE ONLY public."Familiar"
    ADD CONSTRAINT "Familiar_pkey" PRIMARY KEY (id);


--
-- TOC entry 3014 (class 2606 OID 16506)
-- Name: Local Local_pkey; Type: CONSTRAINT; Schema: public; Owner: postgres
--

ALTER TABLE ONLY public."Local"
    ADD CONSTRAINT "Local_pkey" PRIMARY KEY (id);


--
-- TOC entry 3018 (class 2606 OID 16513)
-- Name: Producto Producto_pkey; Type: CONSTRAINT; Schema: public; Owner: postgres
--

ALTER TABLE ONLY public."Producto"
    ADD CONSTRAINT "Producto_pkey" PRIMARY KEY (id);


--
-- TOC entry 2990 (class 2606 OID 16466)
-- Name: Region Region_pkey; Type: CONSTRAINT; Schema: public; Owner: postgres
--

ALTER TABLE ONLY public."Region"
    ADD CONSTRAINT "Region_pkey" PRIMARY KEY (id);


--
-- TOC entry 2999 (class 2606 OID 16485)
-- Name: Usuario_groups Usuario_groups_pkey; Type: CONSTRAINT; Schema: public; Owner: postgres
--

ALTER TABLE ONLY public."Usuario_groups"
    ADD CONSTRAINT "Usuario_groups_pkey" PRIMARY KEY (id);


--
-- TOC entry 3002 (class 2606 OID 16529)
-- Name: Usuario_groups Usuario_groups_usuario_id_group_id_066ea720_uniq; Type: CONSTRAINT; Schema: public; Owner: postgres
--

ALTER TABLE ONLY public."Usuario_groups"
    ADD CONSTRAINT "Usuario_groups_usuario_id_group_id_066ea720_uniq" UNIQUE (usuario_id, group_id);


--
-- TOC entry 2993 (class 2606 OID 16476)
-- Name: Usuario Usuario_pkey; Type: CONSTRAINT; Schema: public; Owner: postgres
--

ALTER TABLE ONLY public."Usuario"
    ADD CONSTRAINT "Usuario_pkey" PRIMARY KEY (id);


--
-- TOC entry 3005 (class 2606 OID 16492)
-- Name: Usuario_user_permissions Usuario_user_permissions_pkey; Type: CONSTRAINT; Schema: public; Owner: postgres
--

ALTER TABLE ONLY public."Usuario_user_permissions"
    ADD CONSTRAINT "Usuario_user_permissions_pkey" PRIMARY KEY (id);


--
-- TOC entry 3008 (class 2606 OID 16543)
-- Name: Usuario_user_permissions Usuario_user_permissions_usuario_id_permission_id_214e1f37_uniq; Type: CONSTRAINT; Schema: public; Owner: postgres
--

ALTER TABLE ONLY public."Usuario_user_permissions"
    ADD CONSTRAINT "Usuario_user_permissions_usuario_id_permission_id_214e1f37_uniq" UNIQUE (usuario_id, permission_id);


--
-- TOC entry 2996 (class 2606 OID 16478)
-- Name: Usuario Usuario_username_key; Type: CONSTRAINT; Schema: public; Owner: postgres
--

ALTER TABLE ONLY public."Usuario"
    ADD CONSTRAINT "Usuario_username_key" UNIQUE (username);


--
-- TOC entry 2977 (class 2606 OID 16451)
-- Name: auth_group auth_group_name_key; Type: CONSTRAINT; Schema: public; Owner: postgres
--

ALTER TABLE ONLY public.auth_group
    ADD CONSTRAINT auth_group_name_key UNIQUE (name);


--
-- TOC entry 2982 (class 2606 OID 16437)
-- Name: auth_group_permissions auth_group_permissions_group_id_permission_id_0cd325b0_uniq; Type: CONSTRAINT; Schema: public; Owner: postgres
--

ALTER TABLE ONLY public.auth_group_permissions
    ADD CONSTRAINT auth_group_permissions_group_id_permission_id_0cd325b0_uniq UNIQUE (group_id, permission_id);


--
-- TOC entry 2985 (class 2606 OID 16426)
-- Name: auth_group_permissions auth_group_permissions_pkey; Type: CONSTRAINT; Schema: public; Owner: postgres
--

ALTER TABLE ONLY public.auth_group_permissions
    ADD CONSTRAINT auth_group_permissions_pkey PRIMARY KEY (id);


--
-- TOC entry 2979 (class 2606 OID 16417)
-- Name: auth_group auth_group_pkey; Type: CONSTRAINT; Schema: public; Owner: postgres
--

ALTER TABLE ONLY public.auth_group
    ADD CONSTRAINT auth_group_pkey PRIMARY KEY (id);


--
-- TOC entry 2972 (class 2606 OID 16428)
-- Name: auth_permission auth_permission_content_type_id_codename_01ab375a_uniq; Type: CONSTRAINT; Schema: public; Owner: postgres
--

ALTER TABLE ONLY public.auth_permission
    ADD CONSTRAINT auth_permission_content_type_id_codename_01ab375a_uniq UNIQUE (content_type_id, codename);


--
-- TOC entry 2974 (class 2606 OID 16410)
-- Name: auth_permission auth_permission_pkey; Type: CONSTRAINT; Schema: public; Owner: postgres
--

ALTER TABLE ONLY public.auth_permission
    ADD CONSTRAINT auth_permission_pkey PRIMARY KEY (id);


--
-- TOC entry 3025 (class 2606 OID 16608)
-- Name: authtoken_token authtoken_token_pkey; Type: CONSTRAINT; Schema: public; Owner: postgres
--

ALTER TABLE ONLY public.authtoken_token
    ADD CONSTRAINT authtoken_token_pkey PRIMARY KEY (key);


--
-- TOC entry 3027 (class 2606 OID 16610)
-- Name: authtoken_token authtoken_token_user_id_key; Type: CONSTRAINT; Schema: public; Owner: postgres
--

ALTER TABLE ONLY public.authtoken_token
    ADD CONSTRAINT authtoken_token_user_id_key UNIQUE (user_id);


--
-- TOC entry 3021 (class 2606 OID 16591)
-- Name: django_admin_log django_admin_log_pkey; Type: CONSTRAINT; Schema: public; Owner: postgres
--

ALTER TABLE ONLY public.django_admin_log
    ADD CONSTRAINT django_admin_log_pkey PRIMARY KEY (id);


--
-- TOC entry 2967 (class 2606 OID 16403)
-- Name: django_content_type django_content_type_app_label_model_76bd3d3b_uniq; Type: CONSTRAINT; Schema: public; Owner: postgres
--

ALTER TABLE ONLY public.django_content_type
    ADD CONSTRAINT django_content_type_app_label_model_76bd3d3b_uniq UNIQUE (app_label, model);


--
-- TOC entry 2969 (class 2606 OID 16401)
-- Name: django_content_type django_content_type_pkey; Type: CONSTRAINT; Schema: public; Owner: postgres
--

ALTER TABLE ONLY public.django_content_type
    ADD CONSTRAINT django_content_type_pkey PRIMARY KEY (id);


--
-- TOC entry 2965 (class 2606 OID 16394)
-- Name: django_migrations django_migrations_pkey; Type: CONSTRAINT; Schema: public; Owner: postgres
--

ALTER TABLE ONLY public.django_migrations
    ADD CONSTRAINT django_migrations_pkey PRIMARY KEY (id);


--
-- TOC entry 3046 (class 2606 OID 16691)
-- Name: django_session django_session_pkey; Type: CONSTRAINT; Schema: public; Owner: postgres
--

ALTER TABLE ONLY public.django_session
    ADD CONSTRAINT django_session_pkey PRIMARY KEY (session_key);


--
-- TOC entry 3031 (class 2606 OID 16630)
-- Name: haypan_reserva haypan_reserva_numeroOrden_key; Type: CONSTRAINT; Schema: public; Owner: postgres
--

ALTER TABLE ONLY public.haypan_reserva
    ADD CONSTRAINT "haypan_reserva_numeroOrden_key" UNIQUE ("numeroOrden");


--
-- TOC entry 3033 (class 2606 OID 16628)
-- Name: haypan_reserva haypan_reserva_pkey; Type: CONSTRAINT; Schema: public; Owner: postgres
--

ALTER TABLE ONLY public.haypan_reserva
    ADD CONSTRAINT haypan_reserva_pkey PRIMARY KEY (id);


--
-- TOC entry 3035 (class 2606 OID 16637)
-- Name: haypan_reserva_productos haypan_reserva_productos_pkey; Type: CONSTRAINT; Schema: public; Owner: postgres
--

ALTER TABLE ONLY public.haypan_reserva_productos
    ADD CONSTRAINT haypan_reserva_productos_pkey PRIMARY KEY (id);


--
-- TOC entry 3039 (class 2606 OID 16651)
-- Name: haypan_reserva_productos haypan_reserva_productos_reserva_id_producto_id_04ead812_uniq; Type: CONSTRAINT; Schema: public; Owner: postgres
--

ALTER TABLE ONLY public.haypan_reserva_productos
    ADD CONSTRAINT haypan_reserva_productos_reserva_id_producto_id_04ead812_uniq UNIQUE (reserva_id, producto_id);


--
-- TOC entry 2988 (class 1259 OID 16580)
-- Name: Comuna_region_id_d0630bb2; Type: INDEX; Schema: public; Owner: postgres
--

CREATE INDEX "Comuna_region_id_d0630bb2" ON public."Comuna" USING btree (region_id);


--
-- TOC entry 3042 (class 1259 OID 16682)
-- Name: DetalleReserva_producto_id_10944d8a; Type: INDEX; Schema: public; Owner: postgres
--

CREATE INDEX "DetalleReserva_producto_id_10944d8a" ON public."DetalleReserva" USING btree (producto_id);


--
-- TOC entry 3043 (class 1259 OID 16683)
-- Name: DetalleReserva_reserva_id_8e7ca4e7; Type: INDEX; Schema: public; Owner: postgres
--

CREATE INDEX "DetalleReserva_reserva_id_8e7ca4e7" ON public."DetalleReserva" USING btree (reserva_id);


--
-- TOC entry 3009 (class 1259 OID 16561)
-- Name: Familiar_familia_id_caf843aa; Type: INDEX; Schema: public; Owner: postgres
--

CREATE INDEX "Familiar_familia_id_caf843aa" ON public."Familiar" USING btree (familia_id);


--
-- TOC entry 3012 (class 1259 OID 16572)
-- Name: Local_comuna_id_995949de; Type: INDEX; Schema: public; Owner: postgres
--

CREATE INDEX "Local_comuna_id_995949de" ON public."Local" USING btree (comuna_id);


--
-- TOC entry 3015 (class 1259 OID 16573)
-- Name: Local_representante_id_670710a8; Type: INDEX; Schema: public; Owner: postgres
--

CREATE INDEX "Local_representante_id_670710a8" ON public."Local" USING btree (representante_id);


--
-- TOC entry 3016 (class 1259 OID 16579)
-- Name: Producto_local_id_14fc08ac; Type: INDEX; Schema: public; Owner: postgres
--

CREATE INDEX "Producto_local_id_14fc08ac" ON public."Producto" USING btree (local_id);


--
-- TOC entry 2991 (class 1259 OID 16527)
-- Name: Usuario_comuna_id_89a8821b; Type: INDEX; Schema: public; Owner: postgres
--

CREATE INDEX "Usuario_comuna_id_89a8821b" ON public."Usuario" USING btree (comuna_id);


--
-- TOC entry 2997 (class 1259 OID 16541)
-- Name: Usuario_groups_group_id_41c3a916; Type: INDEX; Schema: public; Owner: postgres
--

CREATE INDEX "Usuario_groups_group_id_41c3a916" ON public."Usuario_groups" USING btree (group_id);


--
-- TOC entry 3000 (class 1259 OID 16540)
-- Name: Usuario_groups_usuario_id_48f41311; Type: INDEX; Schema: public; Owner: postgres
--

CREATE INDEX "Usuario_groups_usuario_id_48f41311" ON public."Usuario_groups" USING btree (usuario_id);


--
-- TOC entry 3003 (class 1259 OID 16555)
-- Name: Usuario_user_permissions_permission_id_614dc495; Type: INDEX; Schema: public; Owner: postgres
--

CREATE INDEX "Usuario_user_permissions_permission_id_614dc495" ON public."Usuario_user_permissions" USING btree (permission_id);


--
-- TOC entry 3006 (class 1259 OID 16554)
-- Name: Usuario_user_permissions_usuario_id_a4d95b6f; Type: INDEX; Schema: public; Owner: postgres
--

CREATE INDEX "Usuario_user_permissions_usuario_id_a4d95b6f" ON public."Usuario_user_permissions" USING btree (usuario_id);


--
-- TOC entry 2994 (class 1259 OID 16526)
-- Name: Usuario_username_7671dc08_like; Type: INDEX; Schema: public; Owner: postgres
--

CREATE INDEX "Usuario_username_7671dc08_like" ON public."Usuario" USING btree (username varchar_pattern_ops);


--
-- TOC entry 2975 (class 1259 OID 16452)
-- Name: auth_group_name_a6ea08ec_like; Type: INDEX; Schema: public; Owner: postgres
--

CREATE INDEX auth_group_name_a6ea08ec_like ON public.auth_group USING btree (name varchar_pattern_ops);


--
-- TOC entry 2980 (class 1259 OID 16448)
-- Name: auth_group_permissions_group_id_b120cbf9; Type: INDEX; Schema: public; Owner: postgres
--

CREATE INDEX auth_group_permissions_group_id_b120cbf9 ON public.auth_group_permissions USING btree (group_id);


--
-- TOC entry 2983 (class 1259 OID 16449)
-- Name: auth_group_permissions_permission_id_84c5c92e; Type: INDEX; Schema: public; Owner: postgres
--

CREATE INDEX auth_group_permissions_permission_id_84c5c92e ON public.auth_group_permissions USING btree (permission_id);


--
-- TOC entry 2970 (class 1259 OID 16434)
-- Name: auth_permission_content_type_id_2f476e4b; Type: INDEX; Schema: public; Owner: postgres
--

CREATE INDEX auth_permission_content_type_id_2f476e4b ON public.auth_permission USING btree (content_type_id);


--
-- TOC entry 3023 (class 1259 OID 16616)
-- Name: authtoken_token_key_10f0b77e_like; Type: INDEX; Schema: public; Owner: postgres
--

CREATE INDEX authtoken_token_key_10f0b77e_like ON public.authtoken_token USING btree (key varchar_pattern_ops);


--
-- TOC entry 3019 (class 1259 OID 16602)
-- Name: django_admin_log_content_type_id_c4bce8eb; Type: INDEX; Schema: public; Owner: postgres
--

CREATE INDEX django_admin_log_content_type_id_c4bce8eb ON public.django_admin_log USING btree (content_type_id);


--
-- TOC entry 3022 (class 1259 OID 16603)
-- Name: django_admin_log_user_id_c564eba6; Type: INDEX; Schema: public; Owner: postgres
--

CREATE INDEX django_admin_log_user_id_c564eba6 ON public.django_admin_log USING btree (user_id);


--
-- TOC entry 3044 (class 1259 OID 16693)
-- Name: django_session_expire_date_a5c62663; Type: INDEX; Schema: public; Owner: postgres
--

CREATE INDEX django_session_expire_date_a5c62663 ON public.django_session USING btree (expire_date);


--
-- TOC entry 3047 (class 1259 OID 16692)
-- Name: django_session_session_key_c0390e0f_like; Type: INDEX; Schema: public; Owner: postgres
--

CREATE INDEX django_session_session_key_c0390e0f_like ON public.django_session USING btree (session_key varchar_pattern_ops);


--
-- TOC entry 3028 (class 1259 OID 16648)
-- Name: haypan_reserva_cliente_id_678847b4; Type: INDEX; Schema: public; Owner: postgres
--

CREATE INDEX haypan_reserva_cliente_id_678847b4 ON public.haypan_reserva USING btree (cliente_id);


--
-- TOC entry 3029 (class 1259 OID 16649)
-- Name: haypan_reserva_local_id_a3482bf0; Type: INDEX; Schema: public; Owner: postgres
--

CREATE INDEX haypan_reserva_local_id_a3482bf0 ON public.haypan_reserva USING btree (local_id);


--
-- TOC entry 3036 (class 1259 OID 16663)
-- Name: haypan_reserva_productos_producto_id_65dded3a; Type: INDEX; Schema: public; Owner: postgres
--

CREATE INDEX haypan_reserva_productos_producto_id_65dded3a ON public.haypan_reserva_productos USING btree (producto_id);


--
-- TOC entry 3037 (class 1259 OID 16662)
-- Name: haypan_reserva_productos_reserva_id_7e1103ae; Type: INDEX; Schema: public; Owner: postgres
--

CREATE INDEX haypan_reserva_productos_reserva_id_7e1103ae ON public.haypan_reserva_productos USING btree (reserva_id);


--
-- TOC entry 3051 (class 2606 OID 16514)
-- Name: Comuna Comuna_region_id_d0630bb2_fk_Region_id; Type: FK CONSTRAINT; Schema: public; Owner: postgres
--

ALTER TABLE ONLY public."Comuna"
    ADD CONSTRAINT "Comuna_region_id_d0630bb2_fk_Region_id" FOREIGN KEY (region_id) REFERENCES public."Region"(id) DEFERRABLE INITIALLY DEFERRED;


--
-- TOC entry 3068 (class 2606 OID 16672)
-- Name: DetalleReserva DetalleReserva_producto_id_10944d8a_fk_Producto_id; Type: FK CONSTRAINT; Schema: public; Owner: postgres
--

ALTER TABLE ONLY public."DetalleReserva"
    ADD CONSTRAINT "DetalleReserva_producto_id_10944d8a_fk_Producto_id" FOREIGN KEY (producto_id) REFERENCES public."Producto"(id) DEFERRABLE INITIALLY DEFERRED;


--
-- TOC entry 3069 (class 2606 OID 16677)
-- Name: DetalleReserva DetalleReserva_reserva_id_8e7ca4e7_fk_haypan_reserva_id; Type: FK CONSTRAINT; Schema: public; Owner: postgres
--

ALTER TABLE ONLY public."DetalleReserva"
    ADD CONSTRAINT "DetalleReserva_reserva_id_8e7ca4e7_fk_haypan_reserva_id" FOREIGN KEY (reserva_id) REFERENCES public.haypan_reserva(id) DEFERRABLE INITIALLY DEFERRED;


--
-- TOC entry 3057 (class 2606 OID 16556)
-- Name: Familiar Familiar_familia_id_caf843aa_fk_Usuario_id; Type: FK CONSTRAINT; Schema: public; Owner: postgres
--

ALTER TABLE ONLY public."Familiar"
    ADD CONSTRAINT "Familiar_familia_id_caf843aa_fk_Usuario_id" FOREIGN KEY (familia_id) REFERENCES public."Usuario"(id) DEFERRABLE INITIALLY DEFERRED;


--
-- TOC entry 3058 (class 2606 OID 16562)
-- Name: Local Local_comuna_id_995949de_fk_Comuna_id; Type: FK CONSTRAINT; Schema: public; Owner: postgres
--

ALTER TABLE ONLY public."Local"
    ADD CONSTRAINT "Local_comuna_id_995949de_fk_Comuna_id" FOREIGN KEY (comuna_id) REFERENCES public."Comuna"(id) DEFERRABLE INITIALLY DEFERRED;


--
-- TOC entry 3059 (class 2606 OID 16567)
-- Name: Local Local_representante_id_670710a8_fk_Usuario_id; Type: FK CONSTRAINT; Schema: public; Owner: postgres
--

ALTER TABLE ONLY public."Local"
    ADD CONSTRAINT "Local_representante_id_670710a8_fk_Usuario_id" FOREIGN KEY (representante_id) REFERENCES public."Usuario"(id) DEFERRABLE INITIALLY DEFERRED;


--
-- TOC entry 3060 (class 2606 OID 16574)
-- Name: Producto Producto_local_id_14fc08ac_fk_Local_id; Type: FK CONSTRAINT; Schema: public; Owner: postgres
--

ALTER TABLE ONLY public."Producto"
    ADD CONSTRAINT "Producto_local_id_14fc08ac_fk_Local_id" FOREIGN KEY (local_id) REFERENCES public."Local"(id) DEFERRABLE INITIALLY DEFERRED;


--
-- TOC entry 3052 (class 2606 OID 16617)
-- Name: Usuario Usuario_comuna_id_89a8821b_fk_Comuna_id; Type: FK CONSTRAINT; Schema: public; Owner: postgres
--

ALTER TABLE ONLY public."Usuario"
    ADD CONSTRAINT "Usuario_comuna_id_89a8821b_fk_Comuna_id" FOREIGN KEY (comuna_id) REFERENCES public."Comuna"(id) DEFERRABLE INITIALLY DEFERRED;


--
-- TOC entry 3054 (class 2606 OID 16535)
-- Name: Usuario_groups Usuario_groups_group_id_41c3a916_fk_auth_group_id; Type: FK CONSTRAINT; Schema: public; Owner: postgres
--

ALTER TABLE ONLY public."Usuario_groups"
    ADD CONSTRAINT "Usuario_groups_group_id_41c3a916_fk_auth_group_id" FOREIGN KEY (group_id) REFERENCES public.auth_group(id) DEFERRABLE INITIALLY DEFERRED;


--
-- TOC entry 3053 (class 2606 OID 16530)
-- Name: Usuario_groups Usuario_groups_usuario_id_48f41311_fk_Usuario_id; Type: FK CONSTRAINT; Schema: public; Owner: postgres
--

ALTER TABLE ONLY public."Usuario_groups"
    ADD CONSTRAINT "Usuario_groups_usuario_id_48f41311_fk_Usuario_id" FOREIGN KEY (usuario_id) REFERENCES public."Usuario"(id) DEFERRABLE INITIALLY DEFERRED;


--
-- TOC entry 3056 (class 2606 OID 16549)
-- Name: Usuario_user_permissions Usuario_user_permiss_permission_id_614dc495_fk_auth_perm; Type: FK CONSTRAINT; Schema: public; Owner: postgres
--

ALTER TABLE ONLY public."Usuario_user_permissions"
    ADD CONSTRAINT "Usuario_user_permiss_permission_id_614dc495_fk_auth_perm" FOREIGN KEY (permission_id) REFERENCES public.auth_permission(id) DEFERRABLE INITIALLY DEFERRED;


--
-- TOC entry 3055 (class 2606 OID 16544)
-- Name: Usuario_user_permissions Usuario_user_permissions_usuario_id_a4d95b6f_fk_Usuario_id; Type: FK CONSTRAINT; Schema: public; Owner: postgres
--

ALTER TABLE ONLY public."Usuario_user_permissions"
    ADD CONSTRAINT "Usuario_user_permissions_usuario_id_a4d95b6f_fk_Usuario_id" FOREIGN KEY (usuario_id) REFERENCES public."Usuario"(id) DEFERRABLE INITIALLY DEFERRED;


--
-- TOC entry 3050 (class 2606 OID 16443)
-- Name: auth_group_permissions auth_group_permissio_permission_id_84c5c92e_fk_auth_perm; Type: FK CONSTRAINT; Schema: public; Owner: postgres
--

ALTER TABLE ONLY public.auth_group_permissions
    ADD CONSTRAINT auth_group_permissio_permission_id_84c5c92e_fk_auth_perm FOREIGN KEY (permission_id) REFERENCES public.auth_permission(id) DEFERRABLE INITIALLY DEFERRED;


--
-- TOC entry 3049 (class 2606 OID 16438)
-- Name: auth_group_permissions auth_group_permissions_group_id_b120cbf9_fk_auth_group_id; Type: FK CONSTRAINT; Schema: public; Owner: postgres
--

ALTER TABLE ONLY public.auth_group_permissions
    ADD CONSTRAINT auth_group_permissions_group_id_b120cbf9_fk_auth_group_id FOREIGN KEY (group_id) REFERENCES public.auth_group(id) DEFERRABLE INITIALLY DEFERRED;


--
-- TOC entry 3048 (class 2606 OID 16429)
-- Name: auth_permission auth_permission_content_type_id_2f476e4b_fk_django_co; Type: FK CONSTRAINT; Schema: public; Owner: postgres
--

ALTER TABLE ONLY public.auth_permission
    ADD CONSTRAINT auth_permission_content_type_id_2f476e4b_fk_django_co FOREIGN KEY (content_type_id) REFERENCES public.django_content_type(id) DEFERRABLE INITIALLY DEFERRED;


--
-- TOC entry 3063 (class 2606 OID 16611)
-- Name: authtoken_token authtoken_token_user_id_35299eff_fk_Usuario_id; Type: FK CONSTRAINT; Schema: public; Owner: postgres
--

ALTER TABLE ONLY public.authtoken_token
    ADD CONSTRAINT "authtoken_token_user_id_35299eff_fk_Usuario_id" FOREIGN KEY (user_id) REFERENCES public."Usuario"(id) DEFERRABLE INITIALLY DEFERRED;


--
-- TOC entry 3061 (class 2606 OID 16592)
-- Name: django_admin_log django_admin_log_content_type_id_c4bce8eb_fk_django_co; Type: FK CONSTRAINT; Schema: public; Owner: postgres
--

ALTER TABLE ONLY public.django_admin_log
    ADD CONSTRAINT django_admin_log_content_type_id_c4bce8eb_fk_django_co FOREIGN KEY (content_type_id) REFERENCES public.django_content_type(id) DEFERRABLE INITIALLY DEFERRED;


--
-- TOC entry 3062 (class 2606 OID 16597)
-- Name: django_admin_log django_admin_log_user_id_c564eba6_fk_Usuario_id; Type: FK CONSTRAINT; Schema: public; Owner: postgres
--

ALTER TABLE ONLY public.django_admin_log
    ADD CONSTRAINT "django_admin_log_user_id_c564eba6_fk_Usuario_id" FOREIGN KEY (user_id) REFERENCES public."Usuario"(id) DEFERRABLE INITIALLY DEFERRED;


--
-- TOC entry 3064 (class 2606 OID 16638)
-- Name: haypan_reserva haypan_reserva_cliente_id_678847b4_fk_Usuario_id; Type: FK CONSTRAINT; Schema: public; Owner: postgres
--

ALTER TABLE ONLY public.haypan_reserva
    ADD CONSTRAINT "haypan_reserva_cliente_id_678847b4_fk_Usuario_id" FOREIGN KEY (cliente_id) REFERENCES public."Usuario"(id) DEFERRABLE INITIALLY DEFERRED;


--
-- TOC entry 3065 (class 2606 OID 16643)
-- Name: haypan_reserva haypan_reserva_local_id_a3482bf0_fk_Local_id; Type: FK CONSTRAINT; Schema: public; Owner: postgres
--

ALTER TABLE ONLY public.haypan_reserva
    ADD CONSTRAINT "haypan_reserva_local_id_a3482bf0_fk_Local_id" FOREIGN KEY (local_id) REFERENCES public."Local"(id) DEFERRABLE INITIALLY DEFERRED;


--
-- TOC entry 3066 (class 2606 OID 16652)
-- Name: haypan_reserva_productos haypan_reserva_produ_reserva_id_7e1103ae_fk_haypan_re; Type: FK CONSTRAINT; Schema: public; Owner: postgres
--

ALTER TABLE ONLY public.haypan_reserva_productos
    ADD CONSTRAINT haypan_reserva_produ_reserva_id_7e1103ae_fk_haypan_re FOREIGN KEY (reserva_id) REFERENCES public.haypan_reserva(id) DEFERRABLE INITIALLY DEFERRED;


--
-- TOC entry 3067 (class 2606 OID 16657)
-- Name: haypan_reserva_productos haypan_reserva_productos_producto_id_65dded3a_fk_Producto_id; Type: FK CONSTRAINT; Schema: public; Owner: postgres
--

ALTER TABLE ONLY public.haypan_reserva_productos
    ADD CONSTRAINT "haypan_reserva_productos_producto_id_65dded3a_fk_Producto_id" FOREIGN KEY (producto_id) REFERENCES public."Producto"(id) DEFERRABLE INITIALLY DEFERRED;


-- Completed on 2024-06-05 22:52:59 -04

--
-- PostgreSQL database dump complete
--

